{
	"bad_users": ["Eomerx", "minwe", "tbranyen", "davewilton", "cvan", "thyagorafaell", "liuping", "over84", "markusdosch", "dextel2", "ericson-cepeda", "andrewk", "aeyoa", "woshi82", "xor2k", "LoganTann", "beckyconning", "pinceladasdaweb", "rpl", "creativemedia", "Ubun1", "nazrdogan", "Gozala", "lorenzo", "lsgoulart", "aventurella", "willkg", "bymathias", "nathanlong", "sashasochka", "arkaitzgarro", "a0n494", "philipboomy", "vbulant", "joetm", "bellbind", "wrumsby", "mihaihuluta", "alexwileyy", "benjaminfritz", "terjanq", "mit1221", "herrernst", "alexdiliberto", "eiji-sm", "paulhhowells", "francois2metz", "kholodovz", "jhohlfeld", "Nemo64", "renebentes", "HPieters", "AidarIlyasov", "kicumkicum", "leader22", "snb2013", "fufu70", "benald", "gabsprates", "AndreaBarghigiani", "gillesruppert", "aktraore", "teamlet", "jmsche", "akshatmittal", "udnp", "snhasani", "stockHuman", "henryallsuch", "4garfield", "weboos", "jonathanlevaillant", "n-spl1nter", "cojocaru3", "tbbooher", "gml133F", "psychobuddha", "isao", "gfranko", "ttomdewit", "jaredstander", "crsanti", "daimz", "cwardzala", "FlandreDaisuki", "bryanlopezcodes", "sdwru", "luan007", "cadorn", "Mark24Code", "Lekkyjay", "abdulwahabakram", "tlvince", "falkov", "anwas", "anandpdoshi", "pnkorn", "ar-to", "Hexrays", "DamianZaremba", "FND", "MaxRozh", "ASommer", "ckissane", "merik-chen", "Thomas088", "pablopnn", "maximaker", "byverdu", "xm5646", "xhubert", "louktao014", "shei-pi", "osuka", "Aakritisingla1895", "Anderson-Juhasc", "haveric", "niallobrien", "therealjeffg", "johangithub", "next-marianmoldovan", "harunpehlivan", "JaminHuang", "tracend", "azimut27", "alexblom", "macedonia21", "carlvlewis", "abarthavizia", "Achmed4", "6174", "rubo77", "maxewell", "liu1ng", "alexiswrong", "StolpnerA", "Serious-Rage", "revad", "jxpx777", "gloer", "johnd0e", "sriramrudraraju", "ogre14t", "zhy1stgg", "gpolitis", "BigBlueHat", "ajsb85", "azamara", "Kenneth69", "rovervannispen", "hypery2k", "fergcb", "mtopchiev", "duhaime", "Asoke26", "LottieVixen", "kisildev", "kcbonnell", "trongthanh", "Spittie", "omni360", "Emilybe", "MSakamaki", "clhenrick", "leerren", "yeukhon", "DeepikaDipesh", "vivianacodenation", "nmaier", "mustardamus", "khris", "tansice", "jonathanzong", "hotsoft-desenv2", "cmyang001", "hyperevo", "zhu00yu", "kulferhat", "johan", "scrooloose", "kracekumar", "wellington1993", "Jeremboo", "Graves023", "kevinxw", "Akuoon", "aleksandr-maksymenko", "suguanYang", "yangbiaobiao", "Hamcha", "joshualcoffee", "JacobTheEvans", "adriatic", "listphcom", "pablovfds", "raivis-kalnins", "vkuchinov", "rafael-a-m-chaves", "alexwanng", "ivanprotasov", "navaneeth", "td0m", "Tafroman", "Niexiawei", "AnyGong", "matthewmcvickar", "devlitus", "blakek", "soyeunni", "karol32", "Kiyo016", "Gililefil98", "XULRunner42", "zckevin", "JesusGonzalezBrittnau", "YaodanZhang", "zhangzongshan", "vaibhav4399", "michaelwooley", "savpushok", "coder-Bob", "davidillsley", "rashmibanthia", "iparinile", "eskalivada", "peterfren", "IvanofSA", "kezadias", "pop", "truonguyen1", "kokn", "Warpten", "sampl", "UESTCzhouyuchuan", "Papawhoop", "itisdream", "amvitez", "invernizzie", "jaindhairyahere", "attentive", "kapadia", "mikaelkaron", "automat", "seoyoochan", "marianoguerra", "davidmiani", "liwei123o0", "glassesfactory", "vvakame", "HuLinkai", "IanBoyanZhang", "ehzhang", "shishta", "breezelombok", "oluckyman", "gersande", "KaMeHb-UA", "PavelSOS1985", "oleksmarkh", "ltj5201413", "Longhanks", "dckc", "booox", "GaryFrederick16", "corentinchap", "smartclash", "ghabs", "adiakhaitan", "ByoungJin", "teddyLin", "Mr-medusa", "PeterKoKo", "Stuk", "zcbenz", "mattcroberts", "farasevych", "jccrosby", "10thirtyfour", "bigopon", "MarkDin", "scturtle", "boottheme", "anuraagkashyap", "liangchengwei", "HaoKeee", "hemant-manwani", "lyj7100", "austinhappel", "MazahirHaroon", "susisu", "Afriendlybeetle", "tonyfast", "supervova-snippets", "grazanaut", "greezlyk", "0-1-0", "tranghaviet", "nolanlawson", "mfkhan237", "sglanzer", "pasadinhas", "chicoxyzzy", "bebraw", "MaggoTlml", "sakibbul", "andresin87", "iceiix", "philbritton", "naoyeye", "lorenzopub", "usefulthink", "georgiee", "monfera", "haosharon", "Arif-0810", "vampaz", "kates", "ddtxra", "iprochorus", "IshaanVasant", "wanghyper", "DerekWang87", "asizer", "zyzsdy", "squarism", "katlogic", "omniscient", "MonsieurPL", "eliseangelich", "jjant", "hieu-brain", "guoshiqiufeng", "aneizal", "hero-outman", "Rtsunoath", "boma1able", "Supatsara-Rodratsa", "Lucifer-fwf", "mannavab", "Saykat2321", "christhchild28", "yanhann10", "ni-ko-o-kin", "chenbo1218", "drewleonard", "sergiojunene", "pmknk", "danieljehoul", "hillonyechekwa", "Fanny-Jan", "Azn9", "Hybueno09", "liuxsen", "Edwiuxaz", "tophtucker", "infotrager", "thevalerka", "ropez-94", "Artur-Z", "mthh", "pinsterdev", "Szane", "gobook2718", "mytagen555", "the1sky", "UJumpInoJump", "qngnud", "webhoes", "tatsujinproductions", "rosariominin", "mars167", "alirizafx", "andyzjw", "jinjin700", "diegogomesdias", "rongmazhong", "wc19870713", "ganeshv", "18805699674", "ashish-devartisans"],
	"bad_repos": [],
	"bad_files": [],
	"bad_signatures": [],
	"checks": ["(127\\.([0-9]{1,3}\\.){2}[0-9]{1,3}|10\\.([0-9]{1,3}\\.){2}[0-9]{1,3}|172\\.[123][0-9]\\.[0-9]{1,3}\\.[0-9]{1,3}|192\\.168\\.[0-9]{1,3}\\.[0-9]{1,3})", "(?i)(secret)", "(?i)(key)", "(?i)(token)", "(?i)(password)", "(?i)(jdbc)", "(?s)(-----BEGIN (RSA|DSA|PGP|EC|) PRIVATE KEY.*END (RSA|DSA|PGP|EC|) PRIVATE KEY( BLOCK)?-----)", "(xox[p|b|o|a]-[0-9]{12}-[0-9]{12}-[0-9]{12}-[a-z0-9]{32})", "(AKIA[0-9A-Z]{16})", "(amzn\\\\.mws\\\\.[0-9a-f]{8}-[0-9a-f]{4}-[0-9a-f]{4}-[0-9a-f]{4}-[0-9a-f]{12})", "(EAACEdEose0cBA[0-9A-Za-z]+)", "([f|F][a|A][c|C][e|E][b|B][o|O][o|O][k|K].*['|\"][0-9a-f]{32}['|\"])", "([g|G][i|I][t|T][h|H][u|U][b|B].*['|\"][0-9a-zA-Z]{35,40}['|\"])", "([a|A][p|P][i|I][_]?[k|K][e|E][y|Y].*['|\"][0-9a-zA-Z]{32,45}['|\"])", "([s|S][e|E][c|C][r|R][e|E][t|T].*['|\"][0-9a-zA-Z]{32,45}['|\"])", "(AIza[0-9A-Za-z\\\\-_]{35})", "(AIza[0-9A-Za-z\\\\-_]{35})", "([0-9]+-[0-9A-Za-z_]{32}\\\\.apps\\\\.googleusercontent\\\\.com)", "(AIza[0-9A-Za-z\\\\-_]{35})", "([0-9]+-[0-9A-Za-z_]{32}\\\\.apps\\\\.googleusercontent\\\\.com)", "(\"type\": \"service_account\".*)", "(AIza[0-9A-Za-z\\\\-_]{35})", "([0-9]+-[0-9A-Za-z_]{32}\\\\.apps\\\\.googleusercontent\\\\.com)", "(ya29\\\\.[0-9A-Za-z\\\\-_]+)", "(AIza[0-9A-Za-z\\\\-_]{35})", "([0-9]+-[0-9A-Za-z_]{32}\\\\.apps\\\\.googleusercontent\\\\.com)", "([h|H][e|E][r|R][o|O][k|K][u|U].*[0-9A-F]{8}-[0-9A-F]{4}-[0-9A-F]{4}-[0-9A-F]{4}-[0-9A-F]{12})", "([0-9a-f]{32}-us[0-9]{1,2})", "(key-[0-9a-zA-Z]{32})", "([a-zA-Z]{3,10}://[^/\\\\s:@]{3,20}:[^/\\\\s:@]{3,20}@.{1,100}[\"'\\\\s])", "(access_token\\\\$production\\\\$[0-9a-z]{16}\\\\$[0-9a-f]{32})", "(sk_live_[0-9a-z]{32})", "(https://hooks.slack.com/services/T[a-zA-Z0-9_]{8}/B[a-zA-Z0-9_]{8}/[a-zA-Z0-9_]{24})", "(sk_live_[0-9a-zA-Z]{24})", "(rk_live_[0-9a-zA-Z]{24})", "(sq0atp-[0-9A-Za-z\\\\-_]{22})", "(sq0csp-[0-9A-Za-z\\\\-_]{43})", "(SK[0-9a-fA-F]{32})", "([t|T][w|W][i|I][t|T][t|T][e|E][r|R].*[1-9][0-9]+-[0-9a-zA-Z]{40})", "([t|T][w|W][i|I][t|T][t|T][e|E][r|R].*['|\"][0-9a-zA-Z]{35,44}['|\"])", "(?i)(firefox\\ \\\"main\\.js\\\"\\ filename\\:\\\"js\\\")", "(?i)(firefox)", "(?i)(main)", "(?i)(js)", "(?i)(filename)", "(?i)(js)"],
	"lastInitIndex": 0,
	"index": 0,
	"totalCount": 468,
	"query": "firefox \"main.js\" filename:\"js\"",
	"logfile": "logs/firefox _main_js_filename:_js__gist.log",
	"is_gist": true,
	"line_numbers": false
}
